<?xml version="1.0" encoding="UTF-8"?>
<configurationDescriptor version="100">
  <logicalFolder name="root" displayName="root" projectFiles="true" kind="ROOT">
    <logicalFolder name="HeaderFiles"
                   displayName="Header Files"
                   projectFiles="true">
      <itemPath>header/demodulator.h</itemPath>
      <itemPath>header/fft.h</itemPath>
      <itemPath>header/fsk.h</itemPath>
      <itemPath>header/modulator.h</itemPath>
      <itemPath>header/statistics.h</itemPath>
    </logicalFolder>
    <logicalFolder name="ResourceFiles"
                   displayName="Resource Files"
                   projectFiles="true">
    </logicalFolder>
    <logicalFolder name="SourceFiles"
                   displayName="Source Files"
                   projectFiles="true">
      <itemPath>src/demodulator.c</itemPath>
      <itemPath>src/fft.c</itemPath>
      <itemPath>src/fsk.c</itemPath>
      <itemPath>src/hann.c</itemPath>
      <itemPath>src/modulator.c</itemPath>
      <itemPath>src/statistics.c</itemPath>
    </logicalFolder>
    <logicalFolder name="TestFiles"
                   displayName="Test Files"
                   projectFiles="false"
                   kind="TEST_LOGICAL_FOLDER">
    </logicalFolder>
    <logicalFolder name="ExternalFiles"
                   displayName="Important Files"
                   projectFiles="false"
                   kind="IMPORTANT_FILES_FOLDER">
      <itemPath>Makefile</itemPath>
    </logicalFolder>
  </logicalFolder>
  <projectmakefile>Makefile</projectmakefile>
  <confs>
    <conf name="Debug" type="2">
      <toolsSet>
        <compilerSet>default</compilerSet>
        <dependencyChecking>true</dependencyChecking>
        <rebuildPropChanged>false</rebuildPropChanged>
      </toolsSet>
      <compileType>
        <cTool>
          <standard>3</standard>
          <incDir>
            <pElem>header</pElem>
          </incDir>
          <commandLine>-O2 -fsingle-precision-constant</commandLine>
        </cTool>
        <linkerTool>
          <linkerLibItems>
            <linkerLibStdlibItem>Mathematics</linkerLibStdlibItem>
          </linkerLibItems>
        </linkerTool>
      </compileType>
      <item path="header/demodulator.h" ex="false" tool="3" flavor2="0">
      </item>
      <item path="header/fft.h" ex="false" tool="3" flavor2="0">
      </item>
      <item path="header/fsk.h" ex="false" tool="3" flavor2="0">
      </item>
      <item path="header/modulator.h" ex="false" tool="3" flavor2="0">
      </item>
      <item path="header/statistics.h" ex="false" tool="3" flavor2="0">
      </item>
      <item path="src/demodulator.c" ex="false" tool="0" flavor2="0">
      </item>
      <item path="src/fft.c" ex="false" tool="0" flavor2="0">
      </item>
      <item path="src/fsk.c" ex="false" tool="0" flavor2="0">
      </item>
      <item path="src/hann.c" ex="false" tool="0" flavor2="0">
      </item>
      <item path="src/modulator.c" ex="false" tool="0" flavor2="0">
      </item>
      <item path="src/statistics.c" ex="false" tool="0" flavor2="0">
      </item>
    </conf>
    <conf name="Release" type="2">
      <toolsSet>
        <compilerSet>default</compilerSet>
        <dependencyChecking>true</dependencyChecking>
        <rebuildPropChanged>false</rebuildPropChanged>
      </toolsSet>
      <compileType>
        <cTool>
          <developmentMode>5</developmentMode>
          <standard>3</standard>
          <incDir>
            <pElem>header</pElem>
          </incDir>
          <commandLine>-O2 -fsingle-precision-constant</commandLine>
        </cTool>
        <ccTool>
          <developmentMode>5</developmentMode>
        </ccTool>
        <fortranCompilerTool>
          <developmentMode>5</developmentMode>
        </fortranCompilerTool>
        <asmTool>
          <developmentMode>5</developmentMode>
        </asmTool>
        <linkerTool>
          <linkerLibItems>
            <linkerLibStdlibItem>Mathematics</linkerLibStdlibItem>
          </linkerLibItems>
        </linkerTool>
      </compileType>
      <item path="header/demodulator.h" ex="false" tool="3" flavor2="0">
      </item>
      <item path="header/fft.h" ex="false" tool="3" flavor2="0">
      </item>
      <item path="header/fsk.h" ex="false" tool="3" flavor2="0">
      </item>
      <item path="header/modulator.h" ex="false" tool="3" flavor2="0">
      </item>
      <item path="header/statistics.h" ex="false" tool="3" flavor2="0">
      </item>
      <item path="src/demodulator.c" ex="false" tool="0" flavor2="0">
      </item>
      <item path="src/fft.c" ex="false" tool="0" flavor2="0">
      </item>
      <item path="src/fsk.c" ex="false" tool="0" flavor2="0">
      </item>
      <item path="src/hann.c" ex="false" tool="0" flavor2="0">
      </item>
      <item path="src/modulator.c" ex="false" tool="0" flavor2="0">
      </item>
      <item path="src/statistics.c" ex="false" tool="0" flavor2="0">
      </item>
    </conf>
  </confs>
</configurationDescriptor>
